Name,Difficulty,Type,Date,Status
Blogger,Medium,"Linux, Web","June 22, 2026",Done
Potato,Easy,"Linux, Web","June 24, 2026",Done
Katana,Medium,"Linux, Web","June 24, 2026",Done
Gaara,Easy,"Linux, Web","June 27, 2026",Done
Stapler,Medium,,"July 9, 2026",In progress
Election1,Medium,,"July 13, 2026",Done
InsanityHosting,Intermediate,,"July 14, 2026",Not started
So Simple,Intermediate,"Linux, Web","August 19, 2026",Done
Tre,Intermediate,"Linux, Web","August 20, 2026",Done
DC-9,Intermediate,"Linux, Web","August 26, 2026",Done
Funbox,Intermediate,Linux,"September 23, 2026",Done