Name,Date,Difficulty,Status,Type
Blogger,"June 22, 2026",Medium,Done,"Linux, Web"
Potato,"June 24, 2026",Easy,Done,"Linux, Web"
Katana,"June 24, 2026",Medium,Done,"Linux, Web"
Gaara,"June 27, 2026",Easy,Done,"Linux, Web"
Stapler,"July 9, 2026",Medium,In progress,
Election1,"July 13, 2026",Medium,Done,
InsanityHosting,"July 14, 2026",Intermediate,Not started,
So Simple,"August 19, 2026",Intermediate,Done,"Linux, Web"
Tre,"August 20, 2026",Intermediate,Done,"Linux, Web"
DC-9,"August 26, 2026",Intermediate,Done,"Linux, Web"
Funbox,"September 23, 2026",Intermediate,Done,Linux