Name,Completion Status,Date,Difficulty Level,Place,Tags,Type,URL
Debug,Done,"July 9, 2026",Medium,,"Linux, Web",Challenege,
Skynet,Done,"June 3, 2026",Easy,,Linux,Challenege,https://tryhackme.com/room/skynet
Daily Bugle,Done,,Hard,,"Linux, Web",Challenege,https://tryhackme.com/room/dailybugle
Advance SQL Injection,Done,,Medium,,Web,Walkthrough + Challenge,https://tryhackme.com/room/advancedsqlinjection
Simple CTF,Done,,Easy,,"Linux, Web",Challenege,https://tryhackme.com/room/easyctf
"Watcher ",Done,,Medium,,"Linux, Web",Challenege,https://tryhackme.com/room/watcher
UltraTech (Done),Done,,Medium,,"Linux, Web",Challenege,https://tryhackme.com/room/ultratech1
Pickle Rick,Done,,Easy,,"Linux, Web",Challenege,https://tryhackme.com/room/picklerick
Hammer,Done,,Medium,,Web,Challenege,https://tryhackme.com/room/hammer
Corp Website (Done),Done,,Medium,,"CVE, Web",Challenege,https://tryhackme.com/room/lafb2026e7
RootMe,Done,"May 5, 2026",Easy,,"Linux, Web",Challenege,https://tryhackme.com/room/rrootme
Ignite,Done,"May 5, 2026",Easy,,Web,Challenege,https://tryhackme.com/room/ignite
Lazy Admin,Done,"May 2, 2026",Easy,,Web,Challenege,https://tryhackme.com/room/lazyadmin
Include,In progress,,Medium,,"Linux, Web",Challenege,https://tryhackme.com/room/include
Linux Privilege Escalation,In progress,,Medium,,Linux,Walkthrough + Challenge,https://tryhackme.com/room/linuxprivescarena
TryHack3M: Burg3r Bytes,In progress,,Hard,,Web,Challenege,https://tryhackme.com/room/burg3rbytes
Oh My WebServer,In progress,,Medium,,Linux,Challenege,https://tryhackme.com/room/ohmyweb
Rabbit Store,In progress,"May 12, 2026",Medium,,Linux,Challenege,
CyberHeroes,In progress,"April 6, 2026",Easy,,Web,Challenege,https://tryhackme.com/room/cyberheroes
Anonymous,Not started,"June 12, 2026",Easy,,Linux,Challenege,
"U.A. High School
",Not started,"May 21, 2026",Easy,,Linux,Challenege,